elbow_angle,front_knee,bat_angle,hip_rotation,head_drift,back_lift,class,video
155.4878491767463,40.196502083021485,91.58479109456293,3.538161990371291,103.04162949323654,39.836108684539795,Cover Drive,aug_slow_down_223_cover (390).mp4
60.58071425712213,155.37619395216413,80.82113454713308,176.87961660069374,125.68503324873745,71.49708867073059,Cover Drive,aug_speed_up_549_cover (113).mp4
126.5760709733589,167.32664049852565,106.47916776309565,37.05267160618675,45.80823928117752,17.997992038726807,Cover Drive,cover (125).mp4
130.32463150868645,141.88668147964378,91.35977479483937,11.54912064354128,111.8107408285141,6.1342984437942505,Cover Drive,aug_mirror_405_cover (393).mp4
41.5204440430672,71.5590776634066,89.69238523408247,20.283905459714664,92.5792895257473,20.30003070831299,Cover Drive,aug_slow_down_552_cover (513).mp4
138.62104285316278,168.70627691185845,128.86522785664505,154.25109915946024,95.74550539255142,74.40404146909714,Cover Drive,cover (514).mp4
128.1269733925266,142.04908113206767,68.53425073372355,154.96946972218277,91.16430282592773,68.7094122171402,Cover Drive,cover (66).mp4
139.0548388596417,176.61588779364405,67.81826763033715,23.417767770429588,125.62611382454634,107.77500327676535,Cover Drive,aug_mirror_74_cover (125).mp4
79.41734139577343,143.6785217088614,57.49243082044959,171.59748236403672,133.80077052861452,90.60731306672096,Cover Drive,cover (33).mp4
159.74463005991439,157.30535672081467,113.05047346916403,147.42878867720833,70.74801288545132,62.30984777212143,Cover Drive,cover (118).mp4
168.8563017902066,177.6479474435868,88.34948077349877,1.8621706452868683,44.73376125097275,27.12085396051407,Pull Shot,aug_speed_up_479_pull (428).mp4
171.74682794821462,25.527862460809974,136.49403231067177,39.229094475720004,83.66123661398888,43.895259499549866,Pull Shot,pull (445).mp4
118.54130112975686,176.06551862221778,71.0835691408658,87.17378860152056,87.07458972930908,17.233747243881226,Pull Shot,pull (98).mp4
49.64434992293243,10.521082084344846,126.48312713507372,9.564173058585528,64.2287626862526,107.14665502309799,Pull Shot,aug_slow_down_473_pull (7).mp4
166.02362186833858,109.4529417656901,47.87307869462856,105.07906638166025,45.278020203113556,6.987006962299347,Pull Shot,pull (8).mp4
123.5826041275154,177.77019959724788,90.74005435754381,7.287285656935742,91.77717566490173,12.825164198875427,Pull Shot,aug_speed_up_192_pull (43).mp4
166.51278707863736,161.9608604114838,49.36667555145851,103.53497994348751,114.17889520525932,0.0,Pull Shot,aug_slow_down_30_pull (146).mp4
131.30377169289267,165.18521861166508,71.75359914619801,65.10957155449486,88.10505494475365,67.01545864343643,Pull Shot,aug_mirror_220_pull (86).mp4
175.54546459470072,71.8096466527323,89.94748969603059,162.5746083074473,57.14155733585358,44.60173323750496,Pull Shot,aug_mirror_71_pull (106).mp4
176.51721386908582,156.2497142926548,95.32915204911083,149.7168550439288,53.324656933546066,7.21173882484436,Pull Shot,pull (457).mp4
151.6640109346607,152.34151926636855,87.09734172581909,87.56755704135828,41.900116205215454,101.9415333867073,Cut Shot,cut (476).mp4
103.92590439901514,160.16498547238683,59.50086159008733,167.60127626256775,96.75642848014832,59.71297174692154,Cut Shot,cut (236).mp4
10.654631032575088,177.51652877111295,97.39791954197226,5.0488229446249715,56.038159877061844,0.0,Cut Shot,cut (115).mp4
98.75032403821334,168.05854950244787,115.07477752079606,157.66370087044905,93.12237501144409,55.46378195285797,Cut Shot,cut (974).mp4
161.21076794516176,118.7061839385349,81.47055480691694,83.30155445728158,75.87905749678612,26.56532973051071,Cut Shot,cut (66).mp4
88.26635339784627,172.86594928585907,61.2015013240189,172.41151656837346,79.29615527391434,0.0,Cut Shot,cut (239).mp4
156.5061801064167,113.02584353782382,90.96842920350318,64.47110742918073,88.71498107910156,62.32695430517197,Cut Shot,cut (257).mp4
164.86576042298185,147.33306143808576,79.71354960225162,84.79543091430949,78.77823412418365,20.86280956864357,Cut Shot,cut (217).mp4
148.5359924814732,160.25046812194742,85.63783297679308,171.78947484408917,104.95707094669342,31.127595156431198,Cut Shot,cut (293).mp4
138.02268725728328,141.1840144927042,91.25971129883503,133.6048542370983,94.10673081874847,38.3403405547142,Cut Shot,cut (411).mp4
171.59538456621993,174.0050442497273,86.79368994277274,3.479773906403261,117.5836768001318,53.43351811170578,Sweep Shot,aug_slow_down_546_sweep (123).mp4
142.2920282250597,176.9633162593584,93.91426743397952,3.8295006658544657,105.66504672169685,57.73297920823097,Sweep Shot,aug_slow_down_245_sweep (424).mp4
136.0952582775254,148.52199896335355,72.50736843104619,162.834391951456,36.757099628448486,0.0,Sweep Shot,aug_slow_down_20_sweep (391).mp4
162.12899523346272,174.22915731345432,94.16503863763464,64.6017880665099,44.966159760951996,0.698186457157135,Sweep Shot,sweep (447).mp4
157.2085826784406,176.9966012864027,89.67282735298514,71.69471272632563,105.82252070307732,29.779626429080963,Sweep Shot,sweep (433).mp4
54.93422948442022,103.89137729508577,67.92146637192734,157.78999029560526,101.02581232786179,5.4258376359939575,Sweep Shot,sweep (536).mp4
170.98045052652415,132.6369933108191,84.22498770983425,171.6748815893881,136.66395416948944,91.34786948561668,Sweep Shot,sweep (63).mp4
99.6399905867049,120.07468854113749,96.7176337810825,97.11079075054784,109.84024032950401,61.64279207587242,Sweep Shot,aug_slow_down_288_sweep (184).mp4
165.3956814314391,171.8070633676966,83.44883105640812,74.05827553101692,109.87101905047894,24.440740048885345,Sweep Shot,aug_speed_up_375_sweep (142).mp4
166.06251416876518,164.00396221693967,85.99520189751908,156.69899436504363,77.83612310886383,28.768077492713928,Sweep Shot,sweep (390).mp4
159.00266617816106,176.27050088896314,81.40748411013335,12.976905651303742,69.47771459817886,0.0,Defense,aug_slow_down_377_defense (428).mp4
110.01659178959805,158.73841912895185,80.38866930871274,71.29660709692844,122.89103865623474,0.0,Defense,defense (170).mp4
123.0206854941188,108.79625688756789,88.62704432789005,70.8513251794659,93.01826506853104,42.56073087453842,Defense,aug_speed_up_248_defense (375).mp4
136.9584429249612,173.2706232630121,64.52210518229434,138.74438003543997,71.47683203220367,28.81358712911606,Defense,aug_mirror_538_defense (73).mp4
143.08225387983674,116.91853083869304,87.33414748525323,94.60162623902991,93.4380479156971,85.93005836009979,Defense,defense (106).mp4
98.89458238375092,174.7567905024802,81.72496261034765,86.98903870406559,120.76288685202599,45.945508778095245,Defense,defense (427).mp4
173.5081220441231,178.3782669601756,84.83236566595254,10.883404905267744,81.56762644648552,56.939637660980225,Defense,aug_slow_down_173_defense (215).mp4
168.16215610224396,170.1793992832651,98.64430276217797,153.3328877348747,110.69213263690472,47.0306470990181,Defense,aug_slow_down_154_defense (373).mp4
117.77149070991334,174.67338042927105,99.34689364781406,62.10787518827213,62.97177150845528,37.205687165260315,Defense,aug_mirror_316_defense (487).mp4
144.0453799072439,169.5061219074592,86.18882988473732,171.63773185651084,120.34430876374245,69.85024064779282,Defense,defense (82).mp4
